Individuo;Sexo;Idade;IMC;VEF1_L;Teste_6min;Classe_asma;Tabagismo;Atividade_Fisica;Ter_Palpitacoes;Melhora
4;M;43;19;0.95;390;II;Não_fumante;1;0;0
6;F;77;27;1.08;NaN;II;Fumante;1;1;0
8;M;NaN;27;0.53;132;II;Não_fumante;0;0;0
9;M;79;22;0.66;180;I;Fumante;1;1;0
12;M;65;29;0.79;220;II;Fumante_passivo;1;0;0
16;F;61;18;1.5;NaN;III;Fumante_passivo;0;1;0
18;F;62;26;0.27;100;II;Não_fumante;0;1;0
21;M;50;27;1;276;III;Fumante;1;1;0
24;M;61;32;0.85;245;II;Fumante;0;1;0
26;M;69;28;1.11;494;III;Não_fumante;0;0;0
28;F;70;24;1;476;II;Fumante_passivo;1;0;0
29;F;38;22;0.67;218;II;Não_fumante;0;1;0
33;M;56;27;0.96;354;I;Fumante_passivo;0;0;0
38;F;58;23;1.1;453;III;Fumante_passivo;1;0;0
40;M;60;24;1.33;431;II;Fumante;1;1;0
41;F;48;25;1.03;481;II;Não_fumante;0;0;0
43;F;58;22;0.44;106;III;Não_fumante;1;0;0
47;M;67;23;0.61;187;III;Fumante;0;1;0
48;M;61;22;1.36;420;III;Fumante_passivo;1;1;0
52;F;53;23;1.01;404;II;Não_fumante;1;1;0
53;F;65;19;1.16;420;I;Fumante;1;1;0
54;F;54;23;1.12;488;I;Fumante_passivo;0;1;0
57;M;64;26;1.2;473;II;Fumante_passivo;1;1;0
58;F;66;24;1.05;421;III;Fumante;0;0;0
60;M;NaN;22;1.47;450;II;Não_fumante;1;1;0
65;M;75;23;1.02;NaN;II;Não_fumante;0;1;0
66;M;53;28;0.86;223;II;Fumante_passivo;1;0;0
68;M;75;24;0.96;325;II;Fumante;1;1;0
77;M;65;25;0.65;165;II;Não_fumante;1;0;0
78;M;58;22;1.22;409;I;Não_fumante;0;1;0
79;M;66;22;0.8;187;I;Fumante_passivo;1;1;0
80;F;54;20;1.22;491;I;Fumante;1;0;0
81;M;85;24;0.2;80;I;Fumante;1;0;0
83;M;74;27;1.04;NaN;II;Não_fumante;1;1;0
84;M;55;25;0.76;198;III;Não_fumante;1;0;0
85;F;176;29;1.01;476;III;Fumante;1;0;0
86;M;67;28;0.55;152;II;Fumante;1;0;0
87;F;38;27;0.66;217;II;Não_fumante;1;0;0
89;M;43;30;0.99;353;II;Não_fumante;1;1;0
91;F;52;26;0.8;257;II;Fumante;0;0;0
97;F;65;22;0.61;182;I;Fumante_passivo;1;0;0
98;F;60;28;0.63;195;I;Fumante_passivo;1;1;0
99;M;51;25;0.91;260;III;Fumante;0;0;0
102;F;65;32;NaN;427;I;Não_fumante;0;1;0
103;F;47;25;0.9;341;II;Não_fumante;1;0;0
105;M;65;23;1.26;451;I;Fumante;1;1;0
110;F;65;26;1.27;482;III;Fumante_passivo;1;1;0
115;F;62;28;0.76;180;II;Fumante_passivo;0;0;0
116;F;65;28;0.43;100;I;Fumante;0;1;0
117;F;66;26;0.51;162;III;Não_fumante;1;1;0
121;F;59;23;0.65;179;III;Não_fumante;0;0;0
123;F;44;22;0.59;170;III;Não_fumante;0;1;0
124;F;42;22;0.76;206;III;Não_fumante;1;1;0
127;M;68;24;0.53;165;II;Não_fumante;0;1;0
131;M;63;27;0.69;190;III;Fumante_passivo;0;1;0
132;F;53;28;0.23;70;II;Não_fumante;1;1;0
134;F;61;25;0.46;147;III;Não_fumante;1;0;0
136;M;50;26;0.64;161;II;Fumante_passivo;0;0;0
137;F;52;23;0.56;132;III;Fumante_passivo;1;1;0
139;M;61;26;0.62;199;II;Fumante_passivo;0;1;0
142;M;61;32;1.16;432;II;Não_fumante;1;0;0
144;M;62;23;1;409;III;Fumante_passivo;1;1;0
146;F;61;25;0.54;134;I;Não_fumante;0;1;0
147;F;59;26;0.6;179;III;Não_fumante;0;1;0
148;F;41;28;1.21;414;III;Fumante_passivo;1;0;0
150;F;71;24;0.95;331;II;Fumante_passivo;0;1;0
154;F;69;30;0.91;282;III;Não_fumante;1;1;0
155;M;64;25;0.47;109;III;Não_fumante;0;1;0
158;F;41;28;1.28;482;II;Não_fumante;0;1;0
159;M;66;24;0.59;156;II;Não_fumante;1;1;0
160;M;73;27;0.79;217;III;Não_fumante;0;1;0
161;F;83;22;1.12;476;III;Fumante_passivo;0;1;0
164;F;71;24;0.57;167;I;Fumante_passivo;1;0;0
165;F;62;25;1;350;II;Fumante_passivo;0;0;0
167;M;62;26;0.57;166;II;Fumante_passivo;0;0;0
169;F;60;28;0.69;201;III;Não_fumante;0;0;0
171;M;61;32;1.14;450;III;Não_fumante;1;1;0
173;F;66;27;1.19;480;II;Fumante_passivo;1;0;0
175;M;42;28;1.15;467;I;Não_fumante;1;1;0
176;F;60;21;0.98;473;II;Fumante_passivo;0;1;0
177;M;62;22;1.4;459;II;Não_fumante;1;0;0
178;M;57;26;0.64;169;III;Não_fumante;0;0;0
181;M;66;24;0.49;146;I;Fumante_passivo;0;1;0
182;M;34;28;0.36;90;I;Não_fumante;0;1;0
189;M;54;22;1.01;298;II;Não_fumante;0;1;0
190;F;47;23;1.56;510;III;Fumante_passivo;0;1;0
195;M;76;27;1.39;436;II;Não_fumante;0;1;0
196;M;67;26;1.34;478;III;Não_fumante;0;0;0
1;M;56;24;1.07;480;III;Não_fumante;1;0;1
2;F;54;21;1.2;489;II;Não_fumante;1;1;1
3;M;NaN;25;1.26;433;II;Não_fumante;1;0;1
5;M;54;24;1.14;435;II;Não_fumante;0;0;1
7;F;64;22;1.53;500;III;Não_fumante;1;1;1
10;M;55;24;0.98;489;II;Não_fumante;1;0;1
11;M;40;27;1.32;462;II;Não_fumante;0;1;1
13;M;56;25;1.13;499;III;Não_fumante;1;0;1
14;F;55;26;0.93;381;II;Não_fumante;0;1;1
15;F;68;24;NaN;500;II;Fumante_passivo;1;0;1
17;M;64;24;0.92;325;II;Não_fumante;0;0;1
19;M;55;25;1.47;487;II;Não_fumante;0;0;1
20;F;64;26;0.84;294;II;Fumante_passivo;0;1;1
22;F;49;26;0.93;381;II;Não_fumante;1;1;1
23;F;49;23;0.59;149;III;Fumante_passivo;1;0;1
25;M;37;23;1.69;500;II;Não_fumante;1;0;1
27;M;50;25;1.01;257;III;Não_fumante;0;0;1
30;M;56;25;0.97;359;II;Não_fumante;0;1;1
31;F;50;26;0.84;281;II;Fumante_passivo;1;0;1
32;F;49;18;NaN;471;II;Fumante_passivo;0;1;1
34;F;37;26;0.72;228;III;Não_fumante;0;0;1
35;F;82;22;0.9;336;I;Não_fumante;0;1;1
36;F;68;23;1.08;487;III;Não_fumante;1;1;1
37;M;52;27;1.12;498;II;Fumante_passivo;1;1;1
39;F;65;28;0.97;326;III;Não_fumante;1;0;1
42;F;61;22;1.7;510;III;Fumante_passivo;0;0;1
44;M;53;21;1.06;463;I;Não_fumante;0;1;1
45;M;65;19;1.65;463;II;Não_fumante;1;1;1
46;M;53;24;0.91;306;II;Não_fumante;1;1;1
49;M;60;22;1.26;436;I;Não_fumante;0;0;1
50;M;39;22;1.14;457;II;Não_fumante;0;1;1
51;M;58;25;1.1;409;II;Não_fumante;0;1;1
55;F;52;22;1.1;467;II;Fumante_passivo;1;0;1
56;M;47;24;1.12;483;II;Não_fumante;0;0;1
59;M;62;22;0.98;327;III;Não_fumante;0;1;1
61;M;63;20;1.06;455;I;Fumante_passivo;0;0;1
62;F;51;22;1.13;445;III;Não_fumante;1;1;1
63;M;62;22;0.86;201;II;Fumante_passivo;1;0;1
64;F;55;20;1.5;490;II;Não_fumante;1;0;1
67;M;59;24;0.86;244;III;Fumante_passivo;0;1;1
69;M;58;25;0.59;140;III;Não_fumante;1;1;1
70;M;56;22;1.11;436;I;Fumante;0;1;1
71;M;65;25;0.9;287;II;Não_fumante;0;0;1
72;F;43;22;0.95;344;II;Fumante_passivo;0;0;1
73;M;58;21;NaN;417;II;Não_fumante;0;0;1
74;M;55;25;1.41;465;II;Fumante_passivo;1;0;1
75;M;64;24;1.23;492;III;Não_fumante;1;0;1
76;F;73;21;1.22;431;III;Fumante;1;1;1
82;M;57;22;0.82;299;II;Não_fumante;0;0;1
88;M;76;25;1.22;475;I;Fumante_passivo;1;0;1
90;F;56;24;1.3;495;I;Não_fumante;0;1;1
92;F;44;25;0.41;90;I;Não_fumante;1;1;1
93;M;78;21;0.75;206;III;Fumante;1;0;1
94;M;62;25;0.92;287;II;Não_fumante;1;0;1
95;F;57;24;1.29;476;II;Fumante;1;0;1
96;M;59;19;1.14;452;II;Não_fumante;0;0;1
100;M;65;25;1.54;490;III;Fumante;0;0;1
101;M;60;25;0.95;294;I;Fumante_passivo;1;1;1
104;M;50;21;1.24;469;II;Fumante_passivo;1;1;1
106;M;56;26;0.46;135;II;Não_fumante;1;0;1
107;M;60;26;0.84;296;III;Não_fumante;1;0;1
108;M;58;25;0.87;241;II;Não_fumante;0;0;1
109;F;76;25;1.07;432;III;Não_fumante;0;0;1
111;M;67;24;0.66;223;I;Fumante;1;1;1
112;M;50;19;1.12;446;I;Não_fumante;0;1;1
113;M;70;22;1.33;438;I;Não_fumante;1;0;1
114;F;54;23;1.18;498;III;Fumante;1;1;1
118;M;67;18;0.87;265;II;Fumante_passivo;1;0;1
119;F;61;26;0.57;155;II;Não_fumante;1;0;1
120;M;68;26;1.3;409;III;Não_fumante;1;0;1
122;M;55;26;0.78;202;II;Fumante_passivo;1;0;1
125;F;77;26;1.44;500;II;Não_fumante;1;0;1
126;F;50;24;1.19;435;I;Não_fumante;1;0;1
128;M;76;22;1.08;430;II;Não_fumante;1;0;1
129;M;72;26;0.84;283;I;Não_fumante;1;0;1
130;M;56;24;1.33;439;II;Não_fumante;1;0;1
133;M;57;23;0.85;206;I;Fumante_passivo;0;0;1
135;M;79;20;1.06;450;I;Fumante;1;0;1
138;F;61;22;0.98;336;III;Não_fumante;0;0;1
140;F;64;18;0.83;222;I;Não_fumante;1;1;1
141;F;58;26;1.2;407;II;Não_fumante;1;0;1
143;M;65;25;0.95;291;II;Não_fumante;1;1;1
145;M;66;23;0.81;277;III;Não_fumante;1;0;1
149;F;53;19;0.99;292;II;Não_fumante;0;0;1
151;F;44;20;0.48;138;II;Não_fumante;0;0;1
152;M;58;26;1.06;435;II;Não_fumante;0;0;1
153;M;52;26;0.85;291;I;Fumante_passivo;1;0;1
156;M;67;25;0.73;202;III;Fumante_passivo;1;0;1
157;F;72;25;1.57;452;II;Não_fumante;1;0;1
162;F;58;22;1.27;416;III;Não_fumante;1;0;1
163;F;62;21;0.66;222;II;Não_fumante;1;0;1
166;M;60;26;0.8;214;II;Não_fumante;0;0;1
168;F;57;28;0.37;60;III;Fumante_passivo;0;0;1
170;M;58;20;1.05;458;II;Fumante_passivo;0;1;1
172;M;67;19;1;319;II;Fumante;0;1;1
174;M;47;23;1.01;478;I;Não_fumante;1;0;1
179;M;72;25;0.94;294;II;Não_fumante;0;0;1
180;F;77;25;0.71;206;II;Não_fumante;0;0;1
183;F;58;24;0.83;240;I;Não_fumante;1;0;1
184;F;49;18;1.17;431;II;Fumante;0;0;1
185;M;65;26;0.93;397;III;Fumante_passivo;1;1;1
186;M;79;21;1.27;492;I;Não_fumante;1;1;1
187;M;78;21;0.88;312;III;Não_fumante;0;0;1
188;M;54;22;1.82;466;II;Não_fumante;0;0;1
191;M;55;18;0.65;167;I;Não_fumante;0;0;1
192;F;59;25;0.71;202;I;Não_fumante;0;0;1
193;M;47;19;0.83;282;I;Não_fumante;0;0;1
194;M;70;24;1.05;421;II;Fumante_passivo;0;0;1
197;M;52;21;0.92;384;III;Não_fumante;0;0;1
198;M;55;25;1.15;485;III;Não_fumante;1;1;1
199;F;57;19;0.72;195;III;Não_fumante;0;0;1
200;M;53;23;1.14;443;III;Não_fumante;0;1;1
